origin,destination,Traffic_flow_trucks_2010,Traffic_flow_trucks_2019,Traffic_flow_trucks_2030,Traffic_flow_tons_2010,Traffic_flow_tons_2019,Traffic_flow_tons_2030
100268,106843,3436.25,3833.75,4386.25,46733.0,52139.0,59653.0
100268,106882,43.75,48.75,57.5,595.0,663.0,782.0
100268,106892,127.5,143.75,167.5,1734.0,1955.0,2278.0
100268,106932,89831.25,112123.75,149797.5,1221705.0,1524883.0,2037246.0
100268,106940,33458.75,37338.75,42712.5,455039.0,507807.0,580890.0
100268,106977,26033.75,29056.25,33248.75,354059.0,395165.0,452183.0
100268,106987,29991.25,34311.25,40676.25,407881.0,466633.0,553197.0
100268,106997,20048.75,22972.5,27367.5,272663.0,312426.0,372198.0
100268,110970,5023.75,5642.5,6508.75,68323.0,76738.0,88519.0
100268,111036,1555.0,1735.0,1983.75,21148.0,23596.0,26979.0
100268,111052,8948.75,10123.75,11772.5,121703.0,137683.0,160106.0
100268,111059,9126.25,10456.25,12351.25,124117.0,142205.0,167977.0
100268,111069,7685.0,8693.75,10111.25,104516.0,118235.0,137513.0
100268,111077,22857.5,25862.5,30076.25,310862.0,351730.0,409037.0
100268,111084,9975.0,11285.0,13122.5,135660.0,153476.0,178466.0
100268,111164,17957.5,20046.25,22927.5,244222.0,272629.0,311814.0
100268,111186,4653.75,5267.5,6126.25,63291.0,71638.0,83317.0
100268,111208,11497.5,13010.0,15127.5,156366.0,176936.0,205734.0
100268,111217,32220.0,36697.5,43031.25,438192.0,499086.0,585225.0
100268,111241,781.25,883.75,1027.5,10625.0,12019.0,13974.0
100268,111243,4763.75,5317.5,6081.25,64787.0,72318.0,82705.0
100268,111283,5142.5,5817.5,6765.0,69938.0,79118.0,92004.0
100268,111322,813.75,922.5,1071.25,11067.0,12546.0,14569.0
100268,111349,8625.0,9627.5,11012.5,117300.0,130934.0,149770.0
100268,111359,7585.0,8547.5,9888.75,103156.0,116246.0,134487.0
100268,111366,3811.25,4312.5,5013.75,51833.0,58650.0,68187.0
100268,111428,681.25,768.75,895.0,9265.0,10455.0,12172.0
100268,111442,27990.0,31246.25,35738.75,380664.0,424949.0,486047.0
100268,111465,1171.25,1325.0,1540.0,15929.0,18020.0,20944.0
100268,111496,825.0,920.0,1053.75,11220.0,12512.0,14331.0
100268,111529,16072.5,17952.5,20530.0,218586.0,244154.0,279208.0
100268,111588,3185.0,3602.5,4190.0,43316.0,48994.0,56984.0
100268,111603,2920.0,3265.0,3742.5,39712.0,44404.0,50898.0
100268,111657,57460.0,64131.25,73356.25,781456.0,872185.0,997645.0
100268,111699,2921.25,3306.25,3845.0,39729.0,44965.0,52292.0
100268,181083,1766.25,1970.0,2257.5,24021.0,26792.0,30702.0
100268,181085,783.75,886.25,1030.0,10659.0,12053.0,14008.0
100268,195727,1130.0,1261.25,1441.25,15368.0,17153.0,19601.0
100268,195913,7915.0,8835.0,10105.0,107644.0,120156.0,137428.0
100268,195938,48668.75,55143.75,64247.5,661895.0,749955.0,873766.0
106843,106882,2827.5,2740.0,2636.25,38454.0,37264.0,35853.0
106843,106892,9827.5,9522.5,9161.25,133654.0,129506.0,124593.0
106843,106932,442.5,493.75,565.0,6018.0,6715.0,7684.0
106843,106968,20157.5,21458.75,23302.5,274142.0,291839.0,316914.0
106843,106987,32875.0,31853.75,30650.0,447100.0,433211.0,416840.0
106843,106997,12711.25,12315.0,11851.25,172873.0,167484.0,161177.0
106843,110970,103268.75,100063.75,96281.25,1404455.0,1360867.0,1309425.0
106843,111052,21095.0,20440.0,19666.25,286892.0,277984.0,267461.0
106843,111059,3866.25,4315.0,4936.25,52581.0,58684.0,67133.0
106843,111069,8858.75,8583.75,8258.75,120479.0,116739.0,112319.0
106843,111077,9638.75,9340.0,8987.5,131087.0,127024.0,122230.0
106843,111084,15150.0,14680.0,14125.0,206040.0,199648.0,192100.0
106843,111186,17006.25,18321.25,20163.75,231285.0,249169.0,274227.0
106843,111208,12670.0,12276.25,11812.5,172312.0,166957.0,160650.0
106843,111241,7332.5,7105.0,6836.25,99722.0,96628.0,92973.0
106843,111283,24737.5,23970.0,23063.75,336430.0,325992.0,313667.0
106843,111322,4812.5,4663.75,4487.5,65450.0,63427.0,61030.0
106843,111359,9548.75,9252.5,8902.5,129863.0,125834.0,121074.0
106843,111366,17300.0,16763.75,16130.0,235280.0,227987.0,219368.0
106843,111428,23073.75,22356.25,21512.5,313803.0,304045.0,292570.0
106843,111465,7407.5,7177.5,6906.25,100742.0,97614.0,93925.0
106843,111588,10503.75,10177.5,9792.5,142851.0,138414.0,133178.0
106843,111603,29995.0,29063.75,27965.0,407932.0,395267.0,380324.0
106843,111621,53575.0,59792.5,68383.75,728620.0,813178.0,930019.0
106843,111699,7610.0,7817.5,8128.75,103496.0,106318.0,110551.0
106843,181085,6436.25,6237.5,6001.25,87533.0,84830.0,81617.0
106843,195913,22816.25,25452.5,29102.5,310301.0,346154.0,395794.0
106843,195938,16123.75,17995.0,20581.25,219283.0,244732.0,279905.0
106882,106899,355.0,415.0,488.75,4828.0,5644.0,6647.0
106882,106932,375.0,538.75,840.0,5100.0,7327.0,11424.0
106882,106940,4656.25,4512.5,4341.25,63325.0,61370.0,59041.0
106882,106968,370.0,438.75,541.25,5032.0,5967.0,7361.0
106882,106977,583.75,571.25,555.0,7939.0,7769.0,7548.0
106882,110970,3396.25,3290.0,3166.25,46189.0,44744.0,43061.0
106882,111036,1066.25,1033.75,993.75,14501.0,14059.0,13515.0
106882,111059,128.75,148.75,178.75,1751.0,2023.0,2431.0
106882,111164,4041.25,3915.0,3767.5,54961.0,53244.0,51238.0
106882,111186,1.25,2.5,2.5,17.0,34.0,34.0
106882,111217,1202.5,1187.5,1177.5,16354.0,16150.0,16014.0
106882,111243,1765.0,1710.0,1645.0,24004.0,23256.0,22372.0
106882,111322,3115.0,3018.75,2903.75,42364.0,41055.0,39491.0
106882,111349,1235.0,1196.25,1151.25,16796.0,16269.0,15657.0
106882,111359,1326.25,1285.0,1236.25,18037.0,17476.0,16813.0
106882,111442,10101.25,9787.5,9416.25,137377.0,133110.0,128061.0
106882,111471,820.0,795.0,765.0,11152.0,10812.0,10404.0
106882,111496,2241.25,2171.25,2090.0,30481.0,29529.0,28424.0
106882,111529,5191.25,5030.0,4840.0,70601.0,68408.0,65824.0
106882,111555,2838.75,2750.0,2646.25,38607.0,37400.0,35989.0
106882,111603,1476.25,1430.0,1376.25,20077.0,19448.0,18717.0
106882,111621,260.0,333.75,488.75,3536.0,4539.0,6647.0
106882,111657,3696.25,3582.5,3446.25,50269.0,48722.0,46869.0
106882,111699,671.25,673.75,688.75,9129.0,9163.0,9367.0
106882,181083,3092.5,2996.25,2882.5,42058.0,40749.0,39202.0
106882,181085,951.25,921.25,886.25,12937.0,12529.0,12053.0
106882,195913,1411.25,1390.0,1376.25,19193.0,18904.0,18717.0
106882,195938,1205.0,1247.5,1313.75,16388.0,16966.0,17867.0
106886,106892,5220.0,5057.5,4866.25,70992.0,68782.0,66181.0
106886,106899,4118.75,4595.0,5261.25,56015.0,62492.0,71553.0
106886,106932,3288.75,3673.75,4207.5,44727.0,49963.0,57222.0
106886,106968,3001.25,3340.0,3823.75,40817.0,45424.0,52003.0
106886,106987,9992.5,9681.25,9316.25,135898.0,131665.0,126701.0
106886,106997,3925.0,3801.25,3658.75,53380.0,51697.0,49759.0
106886,110970,6246.25,6052.5,5823.75,84949.0,82314.0,79203.0
106886,111052,5733.75,5556.25,5346.25,77979.0,75565.0,72709.0
106886,111059,653.75,730.0,835.0,8891.0,9928.0,11356.0
106886,111069,2001.25,1938.75,1866.25,27217.0,26367.0,25381.0
106886,111077,2482.5,2405.0,2315.0,33762.0,32708.0,31484.0
106886,111084,3612.5,3500.0,3367.5,49130.0,47600.0,45798.0
106886,111186,1108.75,1073.75,1033.75,15079.0,14603.0,14059.0
106886,111208,2808.75,2721.25,2618.75,38199.0,37009.0,35615.0
106886,111217,371.25,413.75,473.75,5049.0,5627.0,6443.0
106886,111241,1896.25,1837.5,1767.5,25789.0,24990.0,24038.0
106886,111283,10147.5,9833.75,9461.25,138006.0,133739.0,128673.0
106886,111322,1411.25,1367.5,1316.25,19193.0,18598.0,17901.0
106886,111359,4167.5,4038.75,3888.75,56678.0,54927.0,52887.0
106886,111366,4827.5,4677.5,4500.0,65654.0,63614.0,61200.0
106886,111428,6768.75,6558.75,6311.25,92055.0,89199.0,85833.0
106886,111465,1927.5,1867.5,1797.5,26214.0,25398.0,24446.0
106886,111621,1380.0,1541.25,1761.25,18768.0,20961.0,23953.0
106886,111699,3905.0,4153.75,4496.25,53108.0,56491.0,61149.0
106886,181085,1582.5,1533.75,1475.0,21522.0,20859.0,20060.0
106886,195913,887.5,992.5,1135.0,12070.0,13498.0,15436.0
106886,195938,2716.25,3028.75,3465.0,36941.0,41191.0,47124.0
106892,106899,9676.25,11003.75,12941.25,131597.0,149651.0,176001.0
106892,106932,14441.25,20053.75,30635.0,196401.0,272731.0,416636.0
106892,106940,27325.0,26477.5,25477.5,371620.0,360094.0,346494.0
106892,106968,13176.25,15685.0,19680.0,179197.0,213316.0,267648.0
106892,106977,3237.5,3136.25,3017.5,44030.0,42653.0,41038.0
106892,110970,33116.25,32087.5,30875.0,450381.0,436390.0,419900.0
106892,111036,8138.75,7886.25,7588.75,110687.0,107253.0,103207.0
106892,111059,8158.75,9423.75,11243.75,110959.0,128163.0,152915.0
106892,111164,23652.5,22920.0,22053.75,321674.0,311712.0,299931.0
106892,111186,1907.5,2535.0,3695.0,25942.0,34476.0,50252.0
106892,111217,10448.75,10818.75,11378.75,142103.0,147135.0,154751.0
106892,111243,12518.75,12131.25,11671.25,170255.0,164985.0,158729.0
106892,111322,6871.25,6658.75,6406.25,93449.0,90559.0,87125.0
106892,111349,9057.5,8776.25,8445.0,123182.0,119357.0,114852.0
106892,111359,7487.5,7255.0,6981.25,101830.0,98668.0,94945.0
106892,111442,70586.25,68397.5,65807.5,959973.0,930206.0,894982.0
106892,111471,6953.75,6736.25,6482.5,94571.0,91613.0,88162.0
106892,111496,31540.0,30561.25,29405.0,428944.0,415633.0,399908.0
106892,111529,32518.75,31507.5,30318.75,442255.0,428502.0,412335.0
106892,111555,14793.75,14335.0,13793.75,201195.0,194956.0,187595.0
106892,111603,8686.25,8417.5,8100.0,118133.0,114478.0,110160.0
106892,111621,46297.5,56882.5,78073.75,629646.0,773602.0,1061803.0
106892,111657,15578.75,15093.75,14522.5,211871.0,205275.0,197506.0
106892,111699,8011.25,9283.75,11542.5,108953.0,126259.0,156978.0
106892,181083,29800.0,28922.5,27967.5,405280.0,393346.0,380358.0
106892,181085,17522.5,16977.5,16336.25,238306.0,230894.0,222173.0
106892,195727,6040.0,5852.5,5631.25,82144.0,79594.0,76585.0
106892,195913,17097.5,18767.5,21617.5,232526.0,255238.0,293998.0
106892,195938,45226.25,50505.0,58567.5,615077.0,686868.0,796518.0
106899,106932,1180968.75,1528578.75,2164716.25,16061175.0,20788671.0,29440141.0
106899,106940,51651.25,57643.75,65936.25,702457.0,783955.0,896733.0
106899,106987,8253.75,9623.75,11753.75,112251.0,130883.0,159851.0
106899,106997,31133.75,35748.75,42733.75,423419.0,486183.0,581179.0
106899,110970,62773.75,71432.5,84138.75,853723.0,971482.0,1144287.0
106899,111052,24122.5,28221.25,34653.75,328066.0,383809.0,471291.0
106899,111069,14011.25,16461.25,20336.25,190553.0,223873.0,276573.0
106899,111077,45781.25,53621.25,66076.25,622625.0,729249.0,898637.0
106899,111084,47953.75,55743.75,67900.0,652171.0,758115.0,923440.0
106899,111164,111527.5,124470.0,142382.5,1516774.0,1692792.0,1936402.0
106899,111186,23881.25,27692.5,33621.25,324785.0,376618.0,457249.0
106899,111208,40555.0,47625.0,58986.25,551548.0,647700.0,802213.0
106899,111217,122788.75,138263.75,161563.75,1669927.0,1880387.0,2197267.0
106899,111241,2667.5,3082.5,3711.25,36278.0,41922.0,50473.0
106899,111283,19771.25,22935.0,27731.25,268889.0,311916.0,377145.0
106899,111322,12421.25,14238.75,16906.25,168929.0,193647.0,229925.0
106899,111349,17961.25,20053.75,22933.75,244273.0,272731.0,311899.0
106899,111359,44225.0,50685.0,60397.5,601460.0,689316.0,821406.0
106899,111366,16865.0,19578.75,23803.75,229364.0,266271.0,323731.0
106899,111428,2922.5,3363.75,4021.25,39746.0,45747.0,54689.0
106899,111465,3753.75,4362.5,5282.5,51051.0,59330.0,71842.0
106899,111529,31331.25,34975.0,40005.0,426105.0,475660.0,544068.0
106899,111551,4853.75,5726.25,7140.0,66011.0,77877.0,97104.0
106899,111588,22690.0,26107.5,31267.5,308584.0,355062.0,425238.0
106899,111603,41536.25,46650.0,53866.25,564893.0,634440.0,732581.0
106899,111699,91946.25,100110.0,111848.75,1250469.0,1361496.0,1521143.0
106899,181085,2376.25,2767.5,3362.5,32317.0,37638.0,45730.0
106899,195727,2368.75,2642.5,3015.0,32215.0,35938.0,41004.0
106932,106940,169220.0,188880.0,216023.75,2301392.0,2568768.0,2937923.0
106932,106977,12808.75,14291.25,16345.0,174199.0,194361.0,222292.0
106932,106987,56425.0,77523.75,116382.5,767380.0,1054323.0,1582802.0
106932,106997,100458.75,138470.0,209990.0,1366239.0,1883192.0,2855864.0
106932,110970,1306.25,1648.75,2207.5,17765.0,22423.0,30022.0
106932,111052,44883.75,59450.0,84136.25,610419.0,808520.0,1144253.0
106932,111069,1058.75,1408.75,1998.75,14399.0,19159.0,27183.0
106932,111077,3592.5,4781.25,6777.5,48858.0,65025.0,92174.0
106932,111084,1008.75,1342.5,1905.0,13719.0,18258.0,25908.0
106932,111164,136338.75,152191.25,174092.5,1854207.0,2069801.0,2367658.0
106932,111186,966.25,1285.0,1823.75,13141.0,17476.0,24803.0
106932,111208,9826.25,13605.0,21107.5,133637.0,185028.0,287062.0
106932,111217,29772.5,33217.5,37961.25,404906.0,451758.0,516273.0
106932,111241,357.5,476.25,676.25,4862.0,6477.0,9197.0
106932,111243,35.0,41.25,46.25,476.0,561.0,629.0
106932,111283,2568.75,3422.5,4856.25,34935.0,46546.0,66045.0
106932,111322,207132.5,235531.25,277663.75,2817002.0,3203225.0,3776227.0
106932,111359,5742.5,7647.5,10993.75,78098.0,104006.0,149515.0
106932,111366,16508.75,22093.75,31931.25,224519.0,300475.0,434265.0
106932,111428,268.75,357.5,506.25,3655.0,4862.0,6885.0
106932,111442,3668.75,4095.0,4685.0,49895.0,55692.0,63716.0
106932,111465,285.0,378.75,537.5,3876.0,5151.0,7310.0
106932,111471,155.0,172.5,198.75,2108.0,2346.0,2703.0
106932,111496,762.5,851.25,973.75,10370.0,11577.0,13243.0
106932,111529,39146.25,43636.25,49936.25,532389.0,593453.0,679133.0
106932,111551,10753.75,14773.75,22235.0,146251.0,200923.0,302396.0
106932,111555,213626.25,238508.75,272866.25,2905317.0,3243719.0,3710981.0
106932,111588,39303.75,53908.75,80897.5,534531.0,733159.0,1100206.0
106932,111603,42315.0,51062.5,65871.25,575484.0,694450.0,895849.0
106932,111621,400947.5,515826.25,731820.0,5452886.0,7015237.0,9952752.0
106932,111657,49553.75,55292.5,63267.5,673931.0,751978.0,860438.0
106932,111699,40743.75,53355.0,76247.5,554115.0,725628.0,1036966.0
106932,181083,5006.25,8382.5,16825.0,68085.0,114002.0,228820.0
106932,181085,122.5,162.5,231.25,1666.0,2210.0,3145.0
106932,195727,2497.5,2797.5,3201.25,33966.0,38046.0,43537.0
106940,106968,74943.75,82553.75,93131.25,1019235.0,1122731.0,1266585.0
106940,106987,79060.0,76606.25,73710.0,1075216.0,1041845.0,1002456.0
106940,106997,20928.75,20281.25,19513.75,284631.0,275825.0,265387.0
106940,110970,61611.25,59698.75,57440.0,837913.0,811903.0,781184.0
106940,111052,34977.5,33892.5,32608.75,475694.0,460938.0,443479.0
106940,111059,1995.0,2227.5,2547.5,27132.0,30294.0,34646.0
106940,111069,38048.75,36867.5,35473.75,517463.0,501398.0,482443.0
106940,111077,96132.5,93150.0,89627.5,1307402.0,1266840.0,1218934.0
106940,111084,11871.25,11502.5,11067.5,161449.0,156434.0,150518.0
106940,111186,37886.25,36712.5,35322.5,515253.0,499290.0,480386.0
106940,111208,98408.75,95355.0,91750.0,1338359.0,1296828.0,1247800.0
106940,111217,86132.5,96143.75,109971.25,1171402.0,1307555.0,1495609.0
106940,111241,10535.0,10208.75,9822.5,143276.0,138839.0,133586.0
106940,111283,67110.0,65031.25,62571.25,912696.0,884425.0,850969.0
106940,111322,18102.5,17542.5,16877.5,246194.0,238578.0,229534.0
106940,111359,24547.5,23785.0,22886.25,333846.0,323476.0,311253.0
106940,111366,23437.5,22707.5,21848.75,318750.0,308822.0,297143.0
106940,111428,42270.0,40957.5,39407.5,574872.0,557022.0,535942.0
106940,111465,9061.25,8780.0,8447.5,123233.0,119408.0,114886.0
106940,111551,6676.25,6468.75,6223.75,90797.0,87975.0,84643.0
106940,111588,29542.5,28625.0,27542.5,401778.0,389300.0,374578.0
106940,111603,16815.0,16293.75,15676.25,228684.0,221595.0,213197.0
106940,111621,40871.25,45622.5,52183.75,555849.0,620466.0,709699.0
106940,111699,62476.25,63850.0,65945.0,849677.0,868360.0,896852.0
106940,181083,10846.25,12120.0,13866.25,147509.0,164832.0,188581.0
106940,181085,8335.0,8076.25,7771.25,113356.0,109837.0,105689.0
106940,195913,53.75,57.5,68.75,731.0,782.0,935.0
106940,195938,28252.5,31532.5,36071.25,384234.0,428842.0,490569.0
106968,106977,54911.25,61118.75,69735.0,746793.0,831215.0,948396.0
106968,106987,62772.5,77337.5,101336.25,853706.0,1051790.0,1378173.0
106968,106997,72723.75,87852.5,112673.75,989043.0,1194794.0,1532363.0
106968,110970,65570.0,75816.25,91388.75,891752.0,1031101.0,1242887.0
106968,111036,9218.75,10285.0,11766.25,125375.0,139876.0,160021.0
106968,111052,75153.75,89156.25,111307.5,1022091.0,1212525.0,1513782.0
106968,111059,173216.25,205096.25,253893.75,2355741.0,2789309.0,3452955.0
106968,111069,43788.75,51401.25,63257.5,595527.0,699057.0,860302.0
106968,111077,151745.0,179227.5,222378.75,2063732.0,2437494.0,3024351.0
106968,111084,51523.75,60937.5,75670.0,700723.0,828750.0,1029112.0
106968,111164,85052.5,94488.75,107576.25,1156714.0,1285047.0,1463037.0
106968,111186,9258.75,10888.75,13430.0,125919.0,148087.0,182648.0
106968,111208,67692.5,79696.25,98313.75,920618.0,1083869.0,1337067.0
106968,111241,12952.5,15337.5,19118.75,176154.0,208590.0,260015.0
106968,111243,10197.5,10986.25,12082.5,138686.0,149413.0,164322.0
106968,111283,92742.5,110697.5,139261.25,1261298.0,1505486.0,1893953.0
106968,111322,38132.5,41666.25,47030.0,518602.0,566661.0,639608.0
106968,111349,14811.25,16533.75,18911.25,201433.0,224859.0,257193.0
106968,111359,39642.5,46087.5,55935.0,539138.0,626790.0,760716.0
106968,111366,17185.0,20115.0,24622.5,233716.0,273564.0,334866.0
106968,111428,8030.0,9533.75,11923.75,109208.0,129659.0,162163.0
106968,111442,198807.5,217225.0,242875.0,2703782.0,2954260.0,3303100.0
106968,111465,10655.0,12665.0,15832.5,144908.0,172244.0,215322.0
106968,111471,5412.5,6036.25,6910.0,73610.0,82093.0,93976.0
106968,111496,29697.5,32027.5,35281.25,403886.0,435574.0,479825.0
106968,111529,74011.25,77643.75,82917.5,1006553.0,1055955.0,1127678.0
106968,111551,9095.0,10666.25,13092.5,123692.0,145061.0,178058.0
106968,111555,17167.5,18240.0,19731.25,233478.0,248064.0,268345.0
106968,111588,24056.25,28541.25,35550.0,327165.0,388161.0,483480.0
106968,111603,23747.5,26785.0,31302.5,322966.0,364276.0,425714.0
106968,111621,460512.5,629216.25,996443.75,6262970.0,8557341.0,13551635.0
106968,111657,84842.5,93796.25,106008.75,1153858.0,1275629.0,1441719.0
106968,111699,3133.75,3636.25,4417.5,42619.0,49453.0,60078.0
106968,181083,20362.5,20477.5,20770.0,276930.0,278494.0,282472.0
106968,181085,19147.5,21142.5,24113.75,260406.0,287538.0,327947.0
106968,195727,4906.25,5017.5,5190.0,66725.0,68238.0,70584.0
106968,195913,81491.25,89758.75,101251.25,1108281.0,1220719.0,1377017.0
106968,195938,532327.5,609961.25,725993.75,7239654.0,8295473.0,9873515.0
106977,106987,8597.5,8580.0,8603.75,116926.0,116688.0,117011.0
106977,106997,52916.25,64305.0,83352.5,719661.0,874548.0,1133594.0
106977,110970,3420.0,3312.5,3188.75,46512.0,45050.0,43367.0
106977,111052,3403.75,3298.75,3173.75,46291.0,44863.0,43163.0
106977,111059,2271.25,2535.0,2900.0,30889.0,34476.0,39440.0
106977,111069,1085.0,1051.25,1011.25,14756.0,14297.0,13753.0
106977,111077,1787.5,1732.5,1667.5,24310.0,23562.0,22678.0
106977,111084,1673.75,1621.25,1561.25,22763.0,22049.0,21233.0
106977,111186,846.25,820.0,788.75,11509.0,11152.0,10727.0
106977,111208,1643.75,1591.25,1530.0,22355.0,21641.0,20808.0
106977,111217,30587.5,33200.0,36825.0,415990.0,451520.0,500820.0
106977,111241,1012.5,981.25,943.75,13770.0,13345.0,12835.0
106977,111283,5767.5,5588.75,5376.25,78438.0,76007.0,73117.0
106977,111322,1578.75,1530.0,1473.75,21471.0,20808.0,20043.0
106977,111359,2038.75,1976.25,1905.0,27727.0,26877.0,25908.0
106977,111366,2632.5,2550.0,2455.0,35802.0,34680.0,33388.0
106977,111428,4686.25,4537.5,4366.25,63733.0,61710.0,59381.0
106977,111465,731.25,708.75,681.25,9945.0,9639.0,9265.0
106977,111551,745.0,721.25,695.0,10132.0,9809.0,9452.0
106977,111588,1491.25,1445.0,1390.0,20281.0,19652.0,18904.0
106977,111603,2016.25,1952.5,1880.0,27421.0,26554.0,25568.0
106977,111621,18585.0,20748.75,23736.25,252756.0,282183.0,322813.0
106977,111699,9661.25,10581.25,11868.75,131393.0,143905.0,161415.0
106977,181083,46.25,51.25,58.75,629.0,697.0,799.0
106977,181085,952.5,923.75,888.75,12954.0,12563.0,12087.0
106977,195938,16817.5,18771.25,21478.75,228718.0,255289.0,292111.0
106987,110970,43903.75,42541.25,40932.5,597091.0,578561.0,556682.0
106987,111036,10928.75,10587.5,10188.75,148631.0,143990.0,138567.0
106987,111059,12916.25,14925.0,17805.0,175661.0,202980.0,242148.0
106987,111164,53098.75,51451.25,49510.0,722143.0,699737.0,673336.0
106987,111186,541.25,718.75,1028.75,7361.0,9775.0,13991.0
106987,111217,50907.5,55180.0,61390.0,692342.0,750448.0,834904.0
106987,111243,19311.25,18712.5,18005.0,262633.0,254490.0,244868.0
106987,111322,36310.0,35185.0,33852.5,493816.0,478516.0,460394.0
106987,111349,14933.75,14470.0,13922.5,203099.0,196792.0,189346.0
106987,111359,15017.5,14551.25,14001.25,204238.0,197897.0,190417.0
106987,111442,108360.0,104997.5,101025.0,1473696.0,1427966.0,1373940.0
106987,111471,9545.0,9248.75,8900.0,129812.0,125783.0,121040.0
106987,111496,25333.75,24545.0,23618.75,344539.0,333812.0,321215.0
106987,111529,36176.25,35052.5,33728.75,491997.0,476714.0,458711.0
106987,111555,75682.5,73333.75,70561.25,1029282.0,997339.0,959633.0
106987,111603,18821.25,18237.5,17548.75,255969.0,248030.0,238663.0
106987,111621,28107.5,37557.5,59925.0,382262.0,510782.0,814980.0
106987,111657,32658.75,31645.0,30446.25,444159.0,430372.0,414069.0
106987,111699,13801.25,15216.25,17831.25,187697.0,206941.0,242505.0
106987,181083,41712.5,40416.25,38888.75,567290.0,549661.0,528887.0
106987,181085,11316.25,10965.0,10550.0,153901.0,149124.0,143480.0
106987,195727,13177.5,12766.25,12285.0,179214.0,173621.0,167076.0
106987,195913,16581.25,16971.25,17878.75,225505.0,230809.0,243151.0
106987,195938,82285.0,87047.5,94340.0,1119076.0,1183846.0,1283024.0
106997,110970,35452.5,34352.5,33053.75,482154.0,467194.0,449531.0
106997,111036,6497.5,6295.0,6056.25,88366.0,85612.0,82365.0
106997,111059,21701.25,25068.75,29907.5,295137.0,340935.0,406742.0
106997,111164,45437.5,44025.0,42357.5,617950.0,598740.0,576062.0
106997,111186,815.0,1092.5,1556.25,11084.0,14858.0,21165.0
106997,111217,93672.5,103238.75,117077.5,1273946.0,1404047.0,1592254.0
106997,111243,9867.5,9562.5,9200.0,134198.0,130050.0,125120.0
106997,111322,14790.0,14330.0,13790.0,201144.0,194888.0,187544.0
106997,111349,8348.75,8088.75,7782.5,113543.0,110007.0,105842.0
106997,111359,4556.25,4415.0,4248.75,61965.0,60044.0,57783.0
106997,111442,51147.5,49557.5,47683.75,695606.0,673982.0,648499.0
106997,111471,4476.25,4336.25,4170.0,60877.0,58973.0,56712.0
106997,111496,13366.25,12952.5,12461.25,181781.0,176154.0,169473.0
106997,111529,36658.75,35518.75,34176.25,498559.0,483055.0,464797.0
106997,111555,13337.5,12925.0,12435.0,181390.0,175780.0,169116.0
106997,111603,14402.5,13952.5,13426.25,195874.0,189754.0,182597.0
106997,111621,36537.5,43438.75,56342.5,496910.0,590767.0,766258.0
106997,111657,76683.75,74301.25,71495.0,1042899.0,1010497.0,972332.0
106997,111699,41457.5,51245.0,68045.0,563822.0,696932.0,925412.0
106997,181083,27908.75,38300.0,68146.25,379559.0,520880.0,926789.0
106997,181085,5718.75,5540.0,5331.25,77775.0,75344.0,72505.0
106997,195727,5203.75,5042.5,4851.25,70771.0,68578.0,65977.0
106997,195913,13680.0,15127.5,17736.25,186048.0,205734.0,241213.0
106997,195938,115458.75,121842.5,131851.25,1570239.0,1657058.0,1793177.0
110970,111052,54921.25,53216.25,51206.25,746929.0,723741.0,696405.0
110970,111059,20340.0,23315.0,27556.25,276624.0,317084.0,374765.0
110970,111069,25680.0,24882.5,23942.5,349248.0,338402.0,325618.0
110970,111077,68695.0,66562.5,64046.25,934252.0,905250.0,871029.0
110970,111164,41832.5,40531.25,39000.0,568922.0,551225.0,530400.0
110970,111186,64125.0,79796.25,108380.0,872100.0,1085229.0,1473968.0
110970,111208,24897.5,24123.75,23211.25,338606.0,328083.0,315673.0
110970,111217,15116.25,14960.0,14776.25,205581.0,203456.0,200957.0
110970,111243,20390.0,19756.25,19010.0,277304.0,268685.0,258536.0
110970,111283,92176.25,89313.75,85937.5,1253597.0,1214667.0,1168750.0
110970,111322,59493.75,57647.5,55468.75,809115.0,784006.0,754375.0
110970,111359,282583.75,273820.0,263477.5,3843139.0,3723952.0,3583294.0
110970,111366,61380.0,59475.0,57226.25,834768.0,808860.0,778277.0
110970,111428,26900.0,26065.0,25080.0,365840.0,354484.0,341088.0
110970,111442,191452.5,185510.0,178496.25,2603754.0,2522936.0,2427549.0
110970,111465,4640.0,4496.25,4326.25,63104.0,61149.0,58837.0
110970,111471,25822.5,28687.5,33273.75,351186.0,390150.0,452523.0
110970,111496,19493.75,18888.75,18175.0,265115.0,256887.0,247180.0
110970,111529,93693.75,90785.0,87352.5,1274235.0,1234676.0,1187994.0
110970,111551,1968.75,1907.5,1836.25,26775.0,25942.0,24973.0
110970,111555,18490.0,17916.25,17238.75,251464.0,243661.0,234447.0
110970,111588,36416.25,35286.25,33952.5,495261.0,479893.0,461754.0
110970,111603,22982.5,22267.5,21427.5,312562.0,302838.0,291414.0
110970,111621,45515.0,51265.0,59292.5,619004.0,697204.0,806378.0
110970,111657,27585.0,26727.5,25717.5,375156.0,363494.0,349758.0
110970,111699,40187.5,44815.0,52918.75,546550.0,609484.0,719695.0
110970,181083,56095.0,64785.0,89781.25,762892.0,881076.0,1221025.0
110970,181085,11950.0,11578.75,11142.5,162520.0,157471.0,151538.0
110970,195727,10393.75,10071.25,9690.0,141355.0,136969.0,131784.0
110970,195913,97992.5,112102.5,136778.75,1332698.0,1524594.0,1860191.0
110970,195938,242107.5,256641.25,279422.5,3292662.0,3490321.0,3800146.0
111036,111052,4105.0,3977.5,3827.5,55828.0,54094.0,52054.0
111036,111059,3398.75,3793.75,4338.75,46223.0,51595.0,59007.0
111036,111069,10343.75,10022.5,9643.75,140675.0,136306.0,131155.0
111036,111186,13485.0,14757.5,16531.25,183396.0,200702.0,224825.0
111036,111208,4088.75,3961.25,3811.25,55607.0,53873.0,51833.0
111036,111283,7441.25,7210.0,6937.5,101201.0,98056.0,94350.0
111036,111322,4825.0,4675.0,4497.5,65620.0,63580.0,61166.0
111036,111359,3193.75,3093.75,2977.5,43435.0,42075.0,40494.0
111036,111366,6505.0,6302.5,6065.0,88468.0,85714.0,82484.0
111036,111428,10676.25,10346.25,9955.0,145197.0,140709.0,135388.0
111036,111465,2858.75,2770.0,2665.0,38879.0,37672.0,36244.0
111036,111471,22463.75,25073.75,28682.5,305507.0,341003.0,390082.0
111036,111551,1363.75,1322.5,1272.5,18547.0,17986.0,17306.0
111036,111588,4641.25,4497.5,4327.5,63121.0,61166.0,58854.0
111036,111603,3705.0,3590.0,3453.75,50388.0,48824.0,46971.0
111036,111621,6910.0,7712.5,8822.5,93976.0,104890.0,119986.0
111036,111699,3210.0,3228.75,3267.5,43656.0,43911.0,44438.0
111036,181083,2947.5,3288.75,3753.75,40086.0,44727.0,51051.0
111036,181085,2312.5,2240.0,2156.25,31450.0,30464.0,29325.0
111036,195913,20335.0,22686.25,25943.75,276556.0,308533.0,352835.0
111036,195938,17603.75,19638.75,22465.0,239411.0,267087.0,305524.0
111052,111059,27163.75,31378.75,37436.25,369427.0,426751.0,509133.0
111052,111164,54322.5,52637.5,50647.5,738786.0,715870.0,688806.0
111052,111186,82282.5,110666.25,164720.0,1119042.0,1505061.0,2240192.0
111052,111217,21318.75,21235.0,21146.25,289935.0,288796.0,287589.0
111052,111243,34292.5,33228.75,31971.25,466378.0,451911.0,434809.0
111052,111322,46003.75,44576.25,42890.0,625651.0,606237.0,583304.0
111052,111349,21321.25,20658.75,19878.75,289969.0,280959.0,270351.0
111052,111359,10681.25,10350.0,9957.5,145265.0,140760.0,135422.0
111052,111442,376780.0,365086.25,351285.0,5124208.0,4965173.0,4777476.0
111052,111471,84971.25,96232.5,113438.75,1155609.0,1308762.0,1542767.0
111052,111496,41263.75,39982.5,38472.5,561187.0,543762.0,523226.0
111052,111529,48563.75,47055.0,45276.25,660467.0,639948.0,615757.0
111052,111555,12348.75,11966.25,11512.5,167943.0,162741.0,156570.0
111052,111603,13630.0,13207.5,12707.5,185368.0,179622.0,172822.0
111052,111621,62421.25,70627.5,82136.25,848929.0,960534.0,1117053.0
111052,111657,24848.75,24077.5,23168.75,337943.0,327454.0,315095.0
111052,111699,33233.75,42598.75,58930.0,451979.0,579343.0,801448.0
111052,181083,96563.75,116000.0,173995.0,1313267.0,1577600.0,2366332.0
111052,181085,11550.0,11191.25,10768.75,157080.0,152201.0,146455.0
111052,195727,9136.25,8852.5,8517.5,124253.0,120394.0,115838.0
111052,195913,114956.25,134755.0,171916.25,1563405.0,1832668.0,2338061.0
111052,195938,391867.5,413507.5,448355.0,5329398.0,5623702.0,6097628.0
111059,111069,19452.5,22475.0,26811.25,264554.0,305660.0,364633.0
111059,111077,47670.0,55071.25,65698.75,648312.0,748969.0,893503.0
111059,111084,19872.5,22957.5,27388.75,270266.0,312222.0,372487.0
111059,111164,26090.0,29123.75,33312.5,354824.0,396083.0,453050.0
111059,111186,184728.75,225701.25,293967.5,2512311.0,3069537.0,3997958.0
111059,111208,26122.5,30177.5,36000.0,355266.0,410414.0,489600.0
111059,111217,13268.75,14541.25,16357.5,180455.0,197761.0,222462.0
111059,111241,4636.25,5356.25,6390.0,63053.0,72845.0,86904.0
111059,111283,36272.5,41902.5,49986.25,493306.0,569874.0,679813.0
111059,111322,5100.0,5891.25,7027.5,69360.0,80121.0,95574.0
111059,111359,12427.5,14243.75,16832.5,169014.0,193715.0,228922.0
111059,111366,6747.5,7795.0,9300.0,91766.0,106012.0,126480.0
111059,111428,5210.0,6020.0,7180.0,70856.0,81872.0,97648.0
111059,111442,83182.5,92852.5,106208.75,1131282.0,1262794.0,1444439.0
111059,111465,7375.0,8520.0,10163.75,100300.0,115872.0,138227.0
111059,111471,152266.25,180075.0,223802.5,2070821.0,2449020.0,3043714.0
111059,111496,9413.75,10507.5,12017.5,128027.0,142902.0,163438.0
111059,111529,4416.25,4930.0,5638.75,60061.0,67048.0,76687.0
111059,111551,2898.75,3348.75,3993.75,39423.0,45543.0,54315.0
111059,111588,8287.5,9575.0,11422.5,112710.0,130220.0,155346.0
111059,111603,8573.75,9690.0,11252.5,116603.0,131784.0,153034.0
111059,111621,23122.5,26537.5,31407.5,314466.0,360910.0,427142.0
111059,111657,3351.25,3741.25,4281.25,45577.0,50881.0,58225.0
111059,111699,44093.75,53253.75,67531.25,599675.0,724251.0,918425.0
111059,181083,58230.0,81341.25,136647.5,791928.0,1106241.0,1858406.0
111059,181085,4458.75,5151.25,6143.75,60639.0,70057.0,83555.0
111059,195913,184382.5,218835.0,274012.5,2507602.0,2976156.0,3726570.0
111059,195938,39596.25,44198.75,50557.5,538509.0,601103.0,687582.0
111069,111164,91922.5,89070.0,85702.5,1250146.0,1211352.0,1165554.0
111069,111186,43905.0,58050.0,83592.5,597108.0,789480.0,1136858.0
111069,111217,11058.75,11062.5,11072.5,150399.0,150450.0,150586.0
111069,111243,3128.75,3031.25,2917.5,42551.0,41225.0,39678.0
111069,111322,8327.5,8068.75,7763.75,113254.0,109735.0,105587.0
111069,111359,3466.25,3358.75,3231.25,47141.0,45679.0,43945.0
111069,111442,123780.0,119937.5,115402.5,1683408.0,1631150.0,1569474.0
111069,111471,29221.25,33223.75,39363.75,397409.0,451843.0,535347.0
111069,111496,8500.0,8235.0,7923.75,115600.0,111996.0,107763.0
111069,111529,17067.5,16537.5,15912.5,232118.0,224910.0,216410.0
111069,111555,5652.5,5477.5,5270.0,76874.0,74494.0,71672.0
111069,111603,4863.75,4712.5,4535.0,66147.0,64090.0,61676.0
111069,111621,24622.5,27860.0,32398.75,334866.0,378896.0,440623.0
111069,111657,9115.0,8830.0,8497.5,123964.0,120088.0,115566.0
111069,111699,11675.0,14910.0,20516.25,158780.0,202776.0,279021.0
111069,181083,22623.75,32321.25,60005.0,307683.0,439569.0,816068.0
111069,181085,2965.0,2872.5,2763.75,40324.0,39066.0,37587.0
111069,195727,3171.25,3072.5,2956.25,43129.0,41786.0,40205.0
111069,195913,68170.0,89516.25,127561.25,927112.0,1217421.0,1734833.0
111069,195938,276915.0,286548.75,302922.5,3766044.0,3897063.0,4119746.0
111077,111164,160082.5,155112.5,149248.75,2177122.0,2109530.0,2029783.0
111077,111186,237672.5,316622.5,461141.25,3232346.0,4306066.0,6271521.0
111077,111217,36751.25,36755.0,36776.25,499817.0,499868.0,500157.0
111077,111243,22822.5,22115.0,21278.75,310386.0,300764.0,289391.0
111077,111322,13202.5,12792.5,12307.5,179554.0,173978.0,167382.0
111077,111359,12267.5,11886.25,11437.5,166838.0,161653.0,155550.0
111077,111442,293857.5,284736.25,273971.25,3996462.0,3872413.0,3726009.0
111077,111471,91372.5,104362.5,124276.25,1242666.0,1419330.0,1690157.0
111077,111496,41073.75,39798.75,38293.75,558603.0,541263.0,520795.0
111077,111529,56910.0,55142.5,53058.75,773976.0,749938.0,721599.0
111077,111555,39137.5,37922.5,36488.75,532270.0,515746.0,496247.0
111077,111603,10622.5,10292.5,9903.75,144466.0,139978.0,134691.0
111077,111621,85365.0,96595.0,112358.75,1160964.0,1313692.0,1528079.0
111077,111657,15091.25,14622.5,14067.5,205241.0,198866.0,191318.0
111077,111699,41705.0,54758.75,77571.25,567188.0,744719.0,1054969.0
111077,181083,50391.25,88988.75,197366.25,685321.0,1210247.0,2684181.0
111077,181085,10307.5,9987.5,9610.0,140182.0,135830.0,130696.0
111077,195727,4268.75,4136.25,3980.0,58055.0,56253.0,54128.0
111077,195913,304397.5,343613.75,419012.5,4139806.0,4673147.0,5698570.0
111077,195938,301665.0,358097.5,443631.25,4102644.0,4870126.0,6033385.0
111084,111164,47156.25,45692.5,43966.25,641325.0,621418.0,597941.0
111084,111186,52043.75,70463.75,105226.25,707795.0,958307.0,1431077.0
111084,111217,11718.75,11757.5,11807.5,159375.0,159902.0,160582.0
111084,111322,15980.0,15483.75,14898.75,217328.0,210579.0,202623.0
111084,111442,66490.0,64426.25,61990.0,904264.0,876197.0,843064.0
111084,111471,3817.5,3698.75,3560.0,51918.0,50303.0,48416.0
111084,111496,7678.75,7440.0,7158.75,104431.0,101184.0,97359.0
111084,111529,18157.5,17593.75,16928.75,246942.0,239275.0,230231.0
111084,111555,8445.0,8182.5,7873.75,114852.0,111282.0,107083.0
111084,111603,9761.25,9458.75,9100.0,132753.0,128639.0,123760.0
111084,111621,30220.0,34192.5,39763.75,410992.0,465018.0,540787.0
111084,111657,17302.5,16765.0,16131.25,235314.0,228004.0,219385.0
111084,111699,11655.0,14468.75,19418.75,158508.0,196775.0,264095.0
111084,181083,35215.0,45207.5,74357.5,478924.0,614822.0,1011262.0
111084,181085,5195.0,5033.75,4843.75,70652.0,68459.0,65875.0
111084,195727,6695.0,6487.5,6242.5,91052.0,88230.0,84898.0
111084,195913,50505.0,66543.75,95867.5,686868.0,904995.0,1303798.0
111084,195938,91405.0,108417.5,134135.0,1243108.0,1474478.0,1824236.0
111164,111186,136043.75,151008.75,171766.25,1850195.0,2053719.0,2336021.0
111164,111208,247743.75,240053.75,230978.75,3369315.0,3264731.0,3141311.0
111164,111217,17735.0,19795.0,22643.75,241196.0,269212.0,307955.0
111164,111241,9237.5,8950.0,8611.25,125630.0,121720.0,117113.0
111164,111283,82182.5,79632.5,76620.0,1117682.0,1083002.0,1042032.0
111164,111322,15096.25,14628.75,14073.75,205309.0,198951.0,191403.0
111164,111359,20731.25,20100.0,19357.5,281945.0,273360.0,263262.0
111164,111366,108022.5,104670.0,100712.5,1469106.0,1423512.0,1369690.0
111164,111428,34123.75,33062.5,31815.0,464083.0,449650.0,432684.0
111164,111465,8990.0,8710.0,8382.5,122264.0,118456.0,114002.0
111164,111551,5311.25,5146.25,4952.5,72233.0,69989.0,67354.0
111164,111588,19101.25,18508.75,17808.75,259777.0,251719.0,242199.0
111164,111603,13655.0,13232.5,12730.0,185708.0,179962.0,173128.0
111164,111621,68793.75,76791.25,87837.5,935595.0,1044361.0,1194590.0
111164,111699,86431.25,94932.5,106741.25,1175465.0,1291082.0,1451681.0
111164,181083,23672.5,26438.75,30235.0,321946.0,359567.0,411196.0
111164,181085,7621.25,7385.0,7106.25,103649.0,100436.0,96645.0
111164,195913,247.5,275.0,315.0,3366.0,3740.0,4284.0
111164,195938,70922.5,79162.5,90548.75,964546.0,1076610.0,1231463.0
111186,111208,70118.75,93511.25,136031.25,953615.0,1271753.0,1850025.0
111186,111217,8903.75,8926.25,8957.5,121091.0,121397.0,121822.0
111186,111241,18516.25,24750.0,36197.5,251821.0,336600.0,492286.0
111186,111243,13676.25,14795.0,16328.75,185997.0,201212.0,222071.0
111186,111283,112168.75,152375.0,230093.75,1525495.0,2072300.0,3129275.0
111186,111322,6506.25,6775.0,7475.0,88485.0,92140.0,101660.0
111186,111349,25558.75,28181.25,31796.25,347599.0,383265.0,432429.0
111186,111359,38046.25,47812.5,65377.5,517429.0,650250.0,889134.0
111186,111366,8268.75,11063.75,16316.25,112455.0,150467.0,221901.0
111186,111428,10088.75,13292.5,19057.5,137207.0,180778.0,259182.0
111186,111442,193231.25,211633.75,237260.0,2627945.0,2878219.0,3226736.0
111186,111465,11712.5,15672.5,23100.0,159290.0,213146.0,314160.0
111186,111471,5365.0,5768.75,6330.0,72964.0,78455.0,86088.0
111186,111496,23482.5,25580.0,28516.25,319362.0,347888.0,387821.0
111186,111529,10726.25,10505.0,10258.75,145877.0,142868.0,139519.0
111186,111551,1198.75,1500.0,2022.5,16303.0,20400.0,27506.0
111186,111555,3878.75,3758.75,3616.25,52751.0,51119.0,49181.0
111186,111588,293.75,390.0,557.5,3995.0,5304.0,7582.0
111186,111603,2962.5,2911.25,2867.5,40290.0,39593.0,38998.0
111186,111621,40245.0,45921.25,53967.5,547332.0,624529.0,733958.0
111186,111657,5293.75,5128.75,4935.0,71995.0,69751.0,67116.0
111186,111699,28075.0,33683.75,42720.0,381820.0,458099.0,580992.0
111186,181083,291972.5,499325.0,1041923.75,3970826.0,6790820.0,14170163.0
111186,181085,16791.25,19810.0,24982.5,228361.0,269416.0,339762.0
111186,195727,1660.0,1608.75,1547.5,22576.0,21879.0,21046.0
111186,195913,30638.75,40980.0,59710.0,416687.0,557328.0,812056.0
111186,195938,289965.0,322385.0,368670.0,3943524.0,4384436.0,5013912.0
111208,111217,18775.0,18802.5,18845.0,255340.0,255714.0,256292.0
111208,111243,6627.5,6422.5,6178.75,90134.0,87346.0,84031.0
111208,111322,12782.5,12387.5,11918.75,173842.0,168470.0,162095.0
111208,111349,21911.25,21231.25,20427.5,297993.0,288745.0,277814.0
111208,111359,5205.0,5042.5,4852.5,70788.0,68578.0,65994.0
111208,111442,58415.0,56601.25,54465.0,794444.0,769777.0,740724.0
111208,111471,22215.0,24621.25,28018.75,302124.0,334849.0,381055.0
111208,111496,8243.75,7987.5,7686.25,112115.0,108630.0,104533.0
111208,111529,25258.75,24475.0,23548.75,343519.0,332860.0,320263.0
111208,111555,8447.5,8186.25,7875.0,114886.0,111333.0,107100.0
111208,111603,7221.25,6997.5,6732.5,98209.0,95166.0,91562.0
111208,111621,35096.25,39710.0,46181.25,477309.0,540056.0,628065.0
111208,111657,12617.5,12225.0,11762.5,171598.0,166260.0,159970.0
111208,111699,26250.0,33723.75,46636.25,357000.0,458643.0,634253.0
111208,181083,30203.75,44651.25,85747.5,410771.0,607257.0,1166166.0
111208,181085,3806.25,3688.75,3548.75,51765.0,50167.0,48263.0
111208,195727,5077.5,4921.25,4733.75,69054.0,66929.0,64379.0
111208,195913,204908.75,231251.25,279840.0,2786759.0,3145017.0,3805824.0
111208,195938,208640.0,228726.25,260028.75,2837504.0,3110677.0,3536391.0
111217,111241,4738.75,4716.25,4691.25,64447.0,64141.0,63801.0
111217,111283,32531.25,32396.25,32251.25,442425.0,440589.0,438617.0
111217,111322,8335.0,8693.75,9230.0,113356.0,118235.0,125528.0
111217,111359,14595.0,15311.25,16311.25,198492.0,208233.0,221833.0
111217,111366,10420.0,10642.5,10988.75,141712.0,144738.0,149447.0
111217,111428,9166.25,8968.75,8738.75,124661.0,121975.0,118847.0
111217,111465,4372.5,4346.25,4315.0,59466.0,59109.0,58684.0
111217,111529,10492.5,11711.25,13396.25,142698.0,159273.0,182189.0
111217,111551,3598.75,3770.0,4022.5,48943.0,51272.0,54706.0
111217,111588,14273.75,15096.25,16300.0,194123.0,205309.0,221680.0
111217,111603,8958.75,9447.5,10158.75,121839.0,128486.0,138159.0
111217,111621,90387.5,96700.0,105456.25,1229270.0,1315120.0,1434205.0
111217,111657,14701.25,16410.0,18770.0,199937.0,223176.0,255272.0
111217,111699,1175083.75,1402566.25,1776668.75,15981139.0,19074901.0,24162695.0
111217,181083,18541.25,25402.5,43888.75,252161.0,345474.0,596887.0
111217,181085,3007.5,2977.5,2941.25,40902.0,40494.0,40001.0
111217,195727,147.5,163.75,187.5,2006.0,2227.0,2550.0
111217,195938,18226.25,19886.25,22250.0,247877.0,270453.0,302600.0
111241,111322,8082.5,7831.25,7535.0,109922.0,106505.0,102476.0
111241,111442,10932.5,10593.75,10192.5,148682.0,144075.0,138618.0
111241,111471,17311.25,19596.25,23110.0,235433.0,266509.0,314296.0
111241,111496,4291.25,4157.5,4000.0,58361.0,56542.0,54400.0
111241,111529,12947.5,12545.0,12071.25,176086.0,170612.0,164169.0
111241,111555,4747.5,4600.0,4426.25,64566.0,62560.0,60197.0
111241,111603,4652.5,4507.5,4337.5,63274.0,61302.0,58990.0
111241,111621,9807.5,11097.5,12905.0,133382.0,150926.0,175508.0
111241,111657,6937.5,6722.5,6467.5,94350.0,91426.0,87958.0
111241,111699,4856.25,5973.75,7940.0,66045.0,81243.0,107984.0
111241,181083,15192.5,17992.5,26412.5,206618.0,244698.0,359210.0
111241,181085,2858.75,2770.0,2665.0,38879.0,37672.0,36244.0
111241,195727,2691.25,2608.75,2510.0,36601.0,35479.0,34136.0
111241,195913,18848.75,23630.0,32217.5,256343.0,321368.0,438158.0
111241,195938,28938.75,34312.5,42428.75,393567.0,466650.0,577031.0
111243,111283,112036.25,108560.0,104455.0,1523693.0,1476416.0,1420588.0
111243,111322,7642.5,7405.0,7123.75,103938.0,100708.0,96883.0
111243,111359,1648.75,1597.5,1537.5,22423.0,21726.0,20910.0
111243,111366,5655.0,5480.0,5272.5,76908.0,74528.0,71706.0
111243,111428,16831.25,16308.75,15691.25,228905.0,221799.0,213401.0
111243,111465,3840.0,3721.25,3580.0,52224.0,50609.0,48688.0
111243,111471,13613.75,15190.0,17380.0,185147.0,206584.0,236368.0
111243,111551,2483.75,2406.25,2315.0,33779.0,32725.0,31484.0
111243,111588,7301.25,7073.75,6806.25,99297.0,96203.0,92565.0
111243,111603,6037.5,5850.0,5628.75,82110.0,79560.0,76551.0
111243,111621,5136.25,5733.75,6558.75,69853.0,77979.0,89199.0
111243,111699,6810.0,6983.75,7242.5,92616.0,94979.0,98498.0
111243,181083,1852.5,2066.25,2361.25,25194.0,28101.0,32113.0
111243,181085,4147.5,4018.75,3866.25,56406.0,54655.0,52581.0
111243,195913,7513.75,8398.75,9597.5,102187.0,114223.0,130526.0
111243,195938,20353.75,22715.0,25990.0,276811.0,308924.0,353464.0
111283,111322,146440.0,141895.0,136530.0,1991584.0,1929772.0,1856808.0
111283,111349,59772.5,57916.25,55727.5,812906.0,787661.0,757894.0
111283,111359,18555.0,17978.75,17298.75,252348.0,244511.0,235263.0
111283,111442,310360.0,300725.0,289356.25,4220896.0,4089860.0,3935245.0
111283,111471,141191.25,159458.75,187808.75,1920201.0,2168639.0,2554199.0
111283,111496,38890.0,37682.5,36257.5,528904.0,512482.0,493102.0
111283,111529,81446.25,78920.0,75933.75,1107669.0,1073312.0,1032699.0
111283,111555,19446.25,18842.5,18130.0,264469.0,256258.0,246568.0
111283,111603,31446.25,30467.5,29317.5,427669.0,414358.0,398718.0
111283,111621,81075.0,91735.0,106678.75,1102620.0,1247596.0,1450831.0
111283,111657,43257.5,41913.75,40330.0,588302.0,570027.0,548488.0
111283,111699,44583.75,56521.25,77496.25,606339.0,768689.0,1053949.0
111283,181083,87972.5,108501.25,169171.25,1196426.0,1475617.0,2300729.0
111283,181085,28213.75,27337.5,26305.0,383707.0,371790.0,357748.0
111283,195727,16570.0,16056.25,15447.5,225352.0,218365.0,210086.0
111283,195913,152460.0,186687.5,249135.0,2073456.0,2538950.0,3388236.0
111283,195938,401307.5,430808.75,477402.5,5457782.0,5858999.0,6492674.0
111322,111349,5385.0,5218.75,5021.25,73236.0,70975.0,68289.0
111322,111359,14955.0,14488.75,13941.25,203388.0,197047.0,189601.0
111322,111366,18123.75,17561.25,16896.25,246483.0,238833.0,229789.0
111322,111428,35183.75,34091.25,32803.75,478499.0,463641.0,446131.0
111322,111442,50882.5,49302.5,47440.0,692002.0,670514.0,645184.0
111322,111465,48282.5,46783.75,45015.0,656642.0,636259.0,612204.0
111322,111471,2350.0,2277.5,2191.25,31960.0,30974.0,29801.0
111322,111496,17391.25,16852.5,16213.75,236521.0,229194.0,220507.0
111322,111529,29418.75,28503.75,27426.25,400095.0,387651.0,372997.0
111322,111551,4298.75,4166.25,4007.5,58463.0,56661.0,54502.0
111322,111555,28850.0,27955.0,26898.75,392360.0,380188.0,365823.0
111322,111588,13790.0,13361.25,12856.25,187544.0,181713.0,174845.0
111322,111603,34406.25,33338.75,32077.5,467925.0,453407.0,436254.0
111322,111621,21603.75,26710.0,37307.5,293811.0,363256.0,507382.0
111322,111657,11740.0,11376.25,10945.0,159664.0,154717.0,148852.0
111322,111699,18268.75,19811.25,22383.75,248455.0,269433.0,304419.0
111322,181083,16027.5,15528.75,14942.5,217974.0,211191.0,203218.0
111322,181085,16381.25,15873.75,15275.0,222785.0,215883.0,207740.0
111322,195727,4461.25,4321.25,4158.75,60673.0,58769.0,56559.0
111322,195913,41533.75,45877.5,52008.75,564859.0,623934.0,707319.0
111322,195938,267527.5,297281.25,338722.5,3638374.0,4043025.0,4606626.0
111349,111366,2723.75,2640.0,2540.0,37043.0,35904.0,34544.0
111349,111428,13462.5,13045.0,12552.5,183090.0,177412.0,170714.0
111349,111465,2948.75,2857.5,2750.0,40103.0,38862.0,37400.0
111349,111551,1765.0,1710.0,1645.0,24004.0,23256.0,22372.0
111349,111588,5403.75,5235.0,5037.5,73491.0,71196.0,68510.0
111349,111603,4166.25,4037.5,3885.0,56661.0,54910.0,52836.0
111349,111621,13638.75,15225.0,17415.0,185487.0,207060.0,236844.0
111349,111699,3857.5,3846.25,3843.75,52462.0,52309.0,52275.0
111349,181083,3303.75,3692.5,4212.5,44931.0,50218.0,57290.0
111349,181085,2566.25,2486.25,2392.5,34901.0,33813.0,32538.0
111349,195913,20643.75,23023.75,26312.5,280755.0,313123.0,357850.0
111349,195938,42632.5,47590.0,54433.75,579802.0,647224.0,740299.0
111359,111366,7941.25,7695.0,7405.0,108001.0,104652.0,100708.0
111359,111428,12310.0,11927.5,11477.5,167416.0,162214.0,156094.0
111359,111442,26562.5,25738.75,24765.0,361250.0,350047.0,336804.0
111359,111465,2853.75,2765.0,2660.0,38811.0,37604.0,36176.0
111359,111471,6332.5,6140.0,5915.0,86122.0,83504.0,80444.0
111359,111496,3915.0,3793.75,3650.0,53244.0,51595.0,49640.0
111359,111529,34707.5,33638.75,32377.5,472022.0,457487.0,440334.0
111359,111551,1915.0,1855.0,1785.0,26044.0,25228.0,24276.0
111359,111555,37352.5,36192.5,34823.75,507994.0,492218.0,473603.0
111359,111588,4743.75,4596.25,4422.5,64515.0,62509.0,60146.0
111359,111603,20068.75,19446.25,18711.25,272935.0,264469.0,254473.0
111359,111621,27665.0,31143.75,35996.25,376244.0,423555.0,489549.0
111359,111657,14733.75,14277.5,13741.25,200379.0,194174.0,186881.0
111359,111699,15873.75,18892.5,24025.0,215883.0,256938.0,326740.0
111359,181083,17905.0,22450.0,35482.5,243508.0,305320.0,482562.0
111359,181085,5727.5,5548.75,5340.0,77894.0,75463.0,72624.0
111359,195727,4067.5,3941.25,3792.5,55318.0,53601.0,51578.0
111359,195913,32248.75,39598.75,52722.5,438583.0,538543.0,717026.0
111359,195938,86638.75,96106.25,110516.25,1178287.0,1307045.0,1503021.0
111366,111442,54002.5,52323.75,50346.25,734434.0,711603.0,684709.0
111366,111471,4626.25,4483.75,4313.75,62917.0,60979.0,58667.0
111366,111496,10226.25,9908.75,9535.0,139077.0,134759.0,129676.0
111366,111529,35963.75,34846.25,33527.5,489107.0,473909.0,455974.0
111366,111555,12957.5,12555.0,12081.25,176222.0,170748.0,164305.0
111366,111603,11541.25,11182.5,10760.0,156961.0,152082.0,146336.0
111366,111621,10958.75,12400.0,14420.0,149039.0,168640.0,196112.0
111366,111657,29536.25,28621.25,27538.75,401693.0,389249.0,374527.0
111366,111699,10568.75,12526.25,15972.5,143735.0,170357.0,217226.0
111366,181083,29025.0,31497.5,39685.0,394740.0,428366.0,539716.0
111366,181085,6488.75,6286.25,6050.0,88247.0,85493.0,82280.0
111366,195727,7046.25,6827.5,6568.75,95829.0,92854.0,89335.0
111366,195913,60136.25,61130.0,64105.0,817853.0,831368.0,871828.0
111366,195938,76961.25,80282.5,85680.0,1046673.0,1091842.0,1165248.0
111428,111442,184340.0,178618.75,171863.75,2507024.0,2429215.0,2337347.0
111428,111471,17652.5,19026.25,21173.75,240074.0,258757.0,287963.0
111428,111496,24276.25,23520.0,22632.5,330157.0,319872.0,307802.0
111428,111529,44103.75,42736.25,41120.0,599811.0,581213.0,559232.0
111428,111555,20605.0,19966.25,19210.0,280228.0,271541.0,261256.0
111428,111603,20750.0,20105.0,19345.0,282200.0,273428.0,263092.0
111428,111621,12782.5,14462.5,16820.0,173842.0,196690.0,228752.0
111428,111657,26431.25,25607.5,24642.5,359465.0,348262.0,335138.0
111428,111699,8572.5,9518.75,11213.75,116586.0,129455.0,152507.0
111428,181083,22198.75,24876.25,31637.5,301903.0,338317.0,430270.0
111428,181085,10047.5,9736.25,9367.5,136646.0,132413.0,127398.0
111428,195727,9767.5,9465.0,9107.5,132838.0,128724.0,123862.0
111428,195913,24067.5,27007.5,32357.5,327318.0,367302.0,440062.0
111428,195938,35973.75,39790.0,45630.0,489243.0,541144.0,620568.0
111442,111465,91102.5,88275.0,84937.5,1238994.0,1200540.0,1155150.0
111442,111471,365282.5,407741.25,466380.0,4967842.0,5545281.0,6342768.0
111442,111551,13130.0,12725.0,12243.75,178568.0,173060.0,166515.0
111442,111588,51313.75,49718.75,47840.0,697867.0,676175.0,650624.0
111442,111603,49671.25,48130.0,46310.0,675529.0,654568.0,629816.0
111442,111621,113907.5,127146.25,145437.5,1549142.0,1729189.0,1977950.0
111442,111699,69995.0,75016.25,82075.0,951932.0,1020221.0,1116220.0
111442,181083,57742.5,64466.25,73740.0,785298.0,876741.0,1002864.0
111442,181085,99027.5,95955.0,92326.25,1346774.0,1304988.0,1255637.0
111442,195913,351621.25,392483.75,448990.0,4782049.0,5337779.0,6106264.0
111442,195938,274951.25,306906.25,351058.75,3739337.0,4173925.0,4774399.0
111465,111471,27442.5,31268.75,37061.25,373218.0,425255.0,504033.0
111465,111496,21617.5,20946.25,20155.0,293998.0,284869.0,274108.0
111465,111529,12152.5,11775.0,11331.25,165274.0,160140.0,154105.0
111465,111555,4347.5,4212.5,4053.75,59126.0,57290.0,55131.0
111465,111603,4647.5,4503.75,4333.75,63206.0,61251.0,58939.0
111465,111621,16083.75,18198.75,21163.75,218739.0,247503.0,287827.0
111465,111657,6522.5,6321.25,6081.25,88706.0,85969.0,82705.0
111465,111699,5335.0,6670.0,8980.0,72556.0,90712.0,122128.0
111465,181083,38605.0,40946.25,49252.5,525028.0,556869.0,669834.0
111465,181085,19998.75,19377.5,18645.0,271983.0,263534.0,253572.0
111465,195727,2877.5,2787.5,2682.5,39134.0,37910.0,36482.0
111465,195913,16795.0,21076.25,28785.0,228412.0,286637.0,391476.0
111465,195938,52138.75,56991.25,64466.25,709087.0,775081.0,876741.0
111471,111496,76616.25,85543.75,97850.0,1041981.0,1163395.0,1330760.0
111471,111551,1323.75,1282.5,1233.75,18003.0,17442.0,16779.0
111471,111588,3942.5,3820.0,3676.25,53618.0,51952.0,49997.0
111471,111603,3068.75,2973.75,2861.25,41735.0,40443.0,38913.0
111471,111621,23776.25,26526.25,30345.0,323357.0,360757.0,412692.0
111471,111699,5235.0,5558.75,6030.0,71196.0,75599.0,82008.0
111471,181083,8801.25,9817.5,11225.0,119697.0,133518.0,152660.0
111471,181085,47763.75,53666.25,62127.5,649587.0,729861.0,844934.0
111471,195913,371785.0,444936.25,566862.5,5056276.0,6051133.0,7709330.0
111471,195938,1057318.75,1242791.25,1533261.25,14379535.0,16901961.0,20852353.0
111496,111551,3130.0,3032.5,2918.75,42568.0,41242.0,39695.0
111496,111588,10678.75,10347.5,9956.25,145231.0,140726.0,135405.0
111496,111603,6562.5,6358.75,6118.75,89250.0,86479.0,83215.0
111496,111621,19127.5,21350.0,24422.5,260134.0,290360.0,332146.0
111496,111699,12938.75,13707.5,14761.25,175967.0,186422.0,200753.0
111496,181083,1505.0,1678.75,1918.75,20468.0,22831.0,26095.0
111496,181085,27200.0,26356.25,25358.75,369920.0,358445.0,344879.0
111496,195913,48940.0,54671.25,62512.5,665584.0,743529.0,850170.0
111496,195938,41111.25,45898.75,52490.0,559113.0,624223.0,713864.0
111529,111551,8440.0,8176.25,7868.75,114784.0,111197.0,107015.0
111529,111588,80967.5,78453.75,75487.5,1101158.0,1066971.0,1026630.0
111529,111603,20066.25,19446.25,18710.0,272901.0,264469.0,254456.0
111529,111621,25027.5,27928.75,31958.75,340374.0,379831.0,434639.0
111529,111699,28086.25,29503.75,31538.75,381973.0,401251.0,428927.0
111529,181083,1747.5,1947.5,2231.25,23766.0,26486.0,30345.0
111529,181085,11458.75,11102.5,10682.5,155839.0,150994.0,145282.0
111529,195913,867.5,970.0,1108.75,11798.0,13192.0,15079.0
111529,195938,34236.25,38215.0,43720.0,465613.0,519724.0,594592.0
111551,111621,8712.5,11180.0,16807.5,118490.0,152048.0,228582.0
111551,111657,4830.0,4681.25,4503.75,65688.0,63665.0,61251.0
111551,111699,2621.25,3267.5,4398.75,35649.0,44438.0,59823.0
111551,181083,4680.0,4535.0,4365.0,63648.0,61676.0,59364.0
111551,181085,1295.0,1255.0,1207.5,17612.0,17068.0,16422.0
111551,195913,4207.5,4646.25,5332.5,57222.0,63189.0,72522.0
111551,195938,11930.0,13656.25,16165.0,162248.0,185725.0,219844.0
111555,111603,31061.25,30097.5,28960.0,422433.0,409326.0,393856.0
111555,111699,9660.0,10020.0,10543.75,131376.0,136272.0,143395.0
111555,181085,4351.25,4216.25,4057.5,59177.0,57341.0,55182.0
111588,111603,12261.25,11881.25,11431.25,166753.0,161585.0,155465.0
111588,111621,18898.75,25827.5,42518.75,257023.0,351254.0,578255.0
111588,111657,15100.0,14632.5,14078.75,205360.0,199002.0,191471.0
111588,111699,10566.25,12953.75,17078.75,143701.0,176171.0,232271.0
111588,181083,18645.0,18067.5,17382.5,253572.0,245718.0,236402.0
111588,181085,4823.75,4673.75,4497.5,65603.0,63563.0,61166.0
111588,195727,10757.5,10423.75,10028.75,146302.0,141763.0,136391.0
111588,195913,12516.25,13797.5,15817.5,170221.0,187646.0,215118.0
111588,195938,67967.5,71747.5,77527.5,924358.0,975766.0,1054374.0
111603,111621,25408.75,29643.75,37397.5,345559.0,403155.0,508606.0
111603,111657,11071.25,10727.5,10321.25,150569.0,145894.0,140369.0
111603,111699,13053.75,14153.75,16027.5,177531.0,192491.0,217974.0
111603,181083,14860.0,14397.5,13853.75,202096.0,195806.0,188411.0
111603,181085,6702.5,6493.75,6248.75,91154.0,88315.0,84983.0
111603,195727,4418.75,4281.25,4120.0,60095.0,58225.0,56032.0
111603,195913,12810.0,13896.25,15506.25,174216.0,188989.0,210885.0
111603,195938,48975.0,52328.75,57191.25,666060.0,711671.0,777801.0
111621,111657,29136.25,32521.25,37203.75,396253.0,442289.0,505971.0
111621,111699,134886.25,167448.75,222806.25,1834453.0,2277303.0,3030165.0
111621,181083,4042.5,4512.5,5163.75,54978.0,61370.0,70227.0
111621,181085,17178.75,19320.0,22305.0,233631.0,262752.0,303348.0
111621,195727,1597.5,1786.25,2042.5,21726.0,24293.0,27778.0
111621,195913,271442.5,340542.5,462101.25,3691618.0,4631378.0,6284577.0
111621,195938,282667.5,329903.75,401467.5,3844278.0,4486691.0,5459958.0
111657,111699,13143.75,13508.75,14058.75,178755.0,183719.0,191199.0
111657,181085,6103.75,5915.0,5690.0,83011.0,80444.0,77384.0
111657,195938,43315.0,48348.75,55297.5,589084.0,657543.0,752046.0
111699,181083,135121.25,215993.75,415596.25,1837649.0,2937515.0,5652109.0
111699,181085,9092.5,10181.25,11927.5,123658.0,138465.0,162214.0
111699,195727,2377.5,2345.0,2310.0,32334.0,31892.0,31416.0
111699,195913,9385.0,10338.75,11850.0,127636.0,140607.0,161160.0
111699,195938,91341.25,103225.0,121570.0,1242241.0,1403860.0,1653352.0
181083,181085,32210.0,33981.25,39187.5,438056.0,462145.0,532950.0
181083,195913,600910.0,1034812.5,2125736.25,8172376.0,14073450.0,28910013.0
181083,195938,422806.25,616697.5,1087855.0,5750165.0,8387086.0,14794828.0
181085,195727,2502.5,2425.0,2332.5,34034.0,32980.0,31722.0
181085,195913,23991.25,27821.25,34137.5,326281.0,378369.0,464270.0
181085,195938,71550.0,77873.75,87098.75,973080.0,1059083.0,1184543.0
195727,195938,2467.5,2747.5,3150.0,33558.0,37366.0,42840.0
195913,195938,331496.25,370041.25,423301.25,4508349.0,5032561.0,5756897.0
